author,user_profile_link,text,timestamp,likes,date,time
الحاج هشام,https://web.facebook.com/profile.php?id=100086673397093&comment_id=Y29tbWVudDoyNjYxMDMwMzk1NzkxMjhfMzE3MzQxNzg3NjI1OTE2&__tn__=R-R,شحال وصلو ديال ضحايا,Sunday 10 September 2023 at 10:14,0,10 September 2023,10:14
مليكة مليكة,https://web.facebook.com/profile.php?id=100082218733921&comment_id=Y29tbWVudDoyNjYxMDMwMzk1NzkxMjhfMTQ3NjYyMzE3NjUwNjQ4NA%3D%3D&__tn__=R-R,حنا دار كولها تشقات لينا عيشين غير على أعصابنا,Sunday 10 September 2023 at 10:14,4,10 September 2023,10:14
Jaâfar Zakraoui,https://web.facebook.com/jaafar.zgraoui?comment_id=Y29tbWVudDoyNjYxMDMwMzk1NzkxMjhfMTYyOTE3ODk2NDI3MzYzNA%3D%3D&__tn__=R-R,مسرحيه ليس الا الناس لحد الآن لم تصلهم اي امدادات والناس تحث التراب في اليوم الثالث من الزلزال اين هيا تلك الشاحنات لم نرى شئ في أرض الواقع الشعب المغربي لم يعد يصدق الشعرات الرنانة على القنوات الرسمية الحمد لله هذا عصر الأنترنت ماتنشره القنوات الرسمية… See more,Sunday 10 September 2023 at 10:50,2,10 September 2023,10:50
المهداوي حميد,https://web.facebook.com/bnjaabdelalizahidi?comment_id=Y29tbWVudDoyNjYxMDMwMzk1NzkxMjhfMTM3NzA5MDQxNjIxMjc5NA%3D%3D&__tn__=R-R,سلام عليكم ورحمة الله وبركاته,Sunday 10 September 2023 at 10:22,0,10 September 2023,10:22
Mouad Mouad Darkouch,https://web.facebook.com/profile.php?id=100027744109856&comment_id=Y29tbWVudDoyNjYxMDMwMzk1NzkxMjhfNjk1OTM4NDU1NzYwNDU3&__tn__=R-R,ربي يرحمهم ياربي تنجي جميع المسلمين والمسلمات الأحياء منهم والأموات اللهم امين يارب العالمين وإياكم يارب العالمين,Sunday 10 September 2023 at 10:35,0,10 September 2023,10:35
Brahim EL,https://web.facebook.com/profile.php?id=100008533380030&comment_id=Y29tbWVudDoyNjYxMDMwMzk1NzkxMjhfMzE5NDc0NTAzOTQ5OTUy&__tn__=R-R,عاش الملك امر بتدخل قوات مسلحة لمساعدات الجرحى....,Sunday 10 September 2023 at 11:05,2,10 September 2023,11:05
Taoufik Roudani,https://web.facebook.com/profile.php?id=100009018220043&comment_id=Y29tbWVudDoyNjYxMDMwMzk1NzkxMjhfODUyMDk2NzM5ODE5NTc4&__tn__=R-R,الهليكوبترات لي عندنا فيناهما وداكا العسكر لي تايورونا تاينقز بالبراشيت فتداريب فينو اجي دابا انقز ودوك لي خرجو لشاريع بالبورش والحديد الوعر فاش ربح المغرب اسبانيا فكاس العالم فيناهما دابا ولا الفرحة كاتشاركها معانا غير الاحزان لا,Sunday 10 September 2023 at 10:42,4,10 September 2023,10:42
Marwa Lamsalla,https://web.facebook.com/profile.php?id=100093876700739&comment_id=Y29tbWVudDoyNjYxMDMwMzk1NzkxMjhfNTYwMTM0MzU2MjExMTkz&__tn__=R-R,راه ناس تحت الأرض وأخنوش غابر,Sunday 10 September 2023 at 17:04,0,10 September 2023,17:04
Ahmed Zouitn,https://web.facebook.com/profile.php?id=100091306560805&comment_id=Y29tbWVudDoyNjYxMDMwMzk1NzkxMjhfODU2NzMzMDQyNjkyMTcz&__tn__=R-R,اين هي الحكومة اللتي عاصرة اثناعشر قرن ولم تحتوي حتى الطريق لهذه المناطق,Sunday 10 September 2023 at 16:15,0,10 September 2023,16:15
Houriya Douae,https://web.facebook.com/houriya.douae.3?comment_id=Y29tbWVudDoyNjYxMDMwMzk1NzkxMjhfMjk3Njk3NDkyODgwOTYy&__tn__=R-R,الله يرحهم جميع الأموات و يرزق اهلهم الصبر والسلوان,Sunday 10 September 2023 at 12:01,0,10 September 2023,12:01
Lati Bou,https://web.facebook.com/lati.bou.77?comment_id=Y29tbWVudDoyNjYxMDMwMzk1NzkxMjhfNjY4MjcxMDAxNTExODY1Mw%3D%3D&__tn__=R-R,الله يرحم جميع اموات هذا المصاب الجلال,Sunday 10 September 2023 at 14:21,0,10 September 2023,14:21
Ahmed El Idli,https://web.facebook.com/ahmed.adli.16503323?comment_id=Y29tbWVudDoyNjYxMDMwMzk1NzkxMjhfMzQzMzE5NTYxMzU0MzY0&__tn__=R-R,وسيرو عند ناس لي موصلهم والو هومة ليخاصكم تصوروهم اما ليوصلهم دعم بلى منشوفهم سيرو عند ليموصلهالم,Sunday 10 September 2023 at 14:17,0,10 September 2023,14:17
Mly Anafi,https://web.facebook.com/profile.php?id=100013452193237&comment_id=Y29tbWVudDoyNjYxMDMwMzk1NzkxMjhfMTAwNTAzMDUxNDE3MTA5Mw%3D%3D&__tn__=R-R,عاش الملك,Sunday 10 September 2023 at 10:19,0,10 September 2023,10:19
Fati Fleur Sami,https://web.facebook.com/profile.php?id=100072277100807&comment_id=Y29tbWVudDoyNjYxMDMwMzk1NzkxMjhfMTQ5MTUwMjIxODMzNDc4NA%3D%3D&__tn__=R-R,واش بصح عاود ضرب,Sunday 10 September 2023 at 12:50,0,10 September 2023,12:50
Abdellatif Akhchin,https://web.facebook.com/abdellatif.akhchin?comment_id=Y29tbWVudDoyNjYxMDMwMzk1NzkxMjhfMzEwMTkzNzMxNjkxNTQz&__tn__=R-R,اللهم لا تهلكنا بذنوبنا ياحي ياقيوم ياذا الجلال والإكرام,Sunday 10 September 2023 at 11:08,0,10 September 2023,11:08
أبو يونس,https://web.facebook.com/profile.php?id=100075687123215&comment_id=Y29tbWVudDoyNjYxMDMwMzk1NzkxMjhfNjMxMjU5MDYyNDUzMzkx&__tn__=R-R,وت الناس باقين مساكن تحت الأنقاض ومزال مجبدوهمش,Sunday 10 September 2023 at 11:07,0,10 September 2023,11:07
Soumia SF,https://web.facebook.com/somya.chamossa?comment_id=Y29tbWVudDoyNjYxMDMwMzk1NzkxMjhfMjE0ODc4MTc4MTk4MzE4Mg%3D%3D&__tn__=R-R,إنا لله وإنا إليه راجعون ولاحول ولا قوة إلا بالله,Sunday 10 September 2023 at 14:19,0,10 September 2023,14:19
Fati Fleur Sami,https://web.facebook.com/profile.php?id=100072277100807&comment_id=Y29tbWVudDoyNjYxMDMwMzk1NzkxMjhfMTAyMzk4NDc4NTQwMTAxNA%3D%3D&__tn__=R-R,واش عاوظ,Sunday 10 September 2023 at 12:51,0,10 September 2023,12:51
Nhiri Momhamed,https://web.facebook.com/profile.php?id=100091885366796&comment_id=Y29tbWVudDoyNjYxMDMwMzk1NzkxMjhfODQxNDM1NDU0MDQ3Nzc1&__tn__=R-R,,Sunday 10 September 2023 at 10:36,0,10 September 2023,10:36
Hamza Kaddouri,https://web.facebook.com/profile.php?id=100093595062670&comment_id=Y29tbWVudDoyNjYxMDMwMzk1NzkxMjhfODY5NjI5NDg0NTM3NTQ3&__tn__=R-R,,Sunday 10 September 2023 at 20:48,0,10 September 2023,20:48
Rachid Ben Chammach,https://web.facebook.com/rachid.benchammach?comment_id=Y29tbWVudDoyNjYxMDMwMzk1NzkxMjhfOTcyMDA3OTY3NDIwNzc3&__tn__=R-R,مباشر خطير من دوار تنزاض جماعة تيزي نتاست اقليم تارودانت برطاجيو,Sunday 10 September 2023 at 10:46,4,10 September 2023,10:46
Chjdjih Jjytkifk Jfjjfkck Ngfgjhÿ,https://web.facebook.com/profile.php?id=100093796511787&comment_id=Y29tbWVudDoyNjYxMDMwMzk1NzkxMjhfODczMzU0MTg0MTMwMDA3&__tn__=R-R,No Text,Friday 15 September 2023 at 21:46,0,15 September 2023,21:46
Amine Aminox,https://web.facebook.com/profile.php?id=100081206175465&comment_id=Y29tbWVudDoyNjYxMDMwMzk1NzkxMjhfMTQ5NTQyOTIzMTIwNjEwMA%3D%3D&__tn__=R-R,يارب,Sunday 10 September 2023 at 11:00,0,10 September 2023,11:00
Ma Lak,https://web.facebook.com/profile.php?id=100090373014465&comment_id=Y29tbWVudDoyNjYxMDMwMzk1NzkxMjhfMjc1ODk4NDY1MjQ2MTIx&__tn__=R-R,,Sunday 10 September 2023 at 10:36,0,10 September 2023,10:36
Brahim Akharraz,https://web.facebook.com/profile.php?id=100072633743719&comment_id=Y29tbWVudDoyNjYxMDMwMzk1NzkxMjhfMTQ3MzY5MDYyMDA5NTgzMw%3D%3D&__tn__=R-R,,Sunday 10 September 2023 at 14:04,0,10 September 2023,14:04
Tabarak Soliman,https://web.facebook.com/tabarak.19994?comment_id=Y29tbWVudDoyNjYxMDMwMzk1NzkxMjhfNjM3Mzc5NzE4MjI4NjYz&__tn__=R-R,لاحول ولا قوة الا بالله,Sunday 10 September 2023 at 14:22,0,10 September 2023,14:22
ŸäSsïñë Åböü Länøir,https://web.facebook.com/profile.php?id=100092608629882&comment_id=Y29tbWVudDoyNjYxMDMwMzk1NzkxMjhfMzYyMzA1NzIzMTI0Njk4Mg%3D%3D&__tn__=R-R,,Sunday 10 September 2023 at 10:35,0,10 September 2023,10:35
Ha Yat,https://web.facebook.com/bokharoba.saad?comment_id=Y29tbWVudDoyNjYxMDMwMzk1NzkxMjhfNjYzNTI0MTc5MTcxMzQ1&__tn__=R-R,,Sunday 10 September 2023 at 10:35,0,10 September 2023,10:35
Said Lhamdouchi,https://web.facebook.com/said.lhamdouchi?comment_id=Y29tbWVudDoyNjYxMDMwMzk1NzkxMjhfMzE3Mzg2NDQ3NTM0NDEw&__tn__=R-R,يعجز اللسان عن كلام,Sunday 10 September 2023 at 10:11,0,10 September 2023,10:11
Metaphgfa Benouahia,https://web.facebook.com/profile.php?id=100086934160555&comment_id=Y29tbWVudDoyNjYxMDMwMzk1NzkxMjhfMjY3NTAwOTg2MTk5MzIz&__tn__=R-R,تم,Sunday 10 September 2023 at 21:34,0,10 September 2023,21:34
Om Anas,https://web.facebook.com/on.anas.718?comment_id=Y29tbWVudDoyNjYxMDMwMzk1NzkxMjhfNjQwMTEwODIxMzA4Mjc0&__tn__=R-R,,Sunday 10 September 2023 at 18:09,0,10 September 2023,18:09
Ilham Ilham,https://web.facebook.com/profile.php?id=100095393407567&comment_id=Y29tbWVudDoyNjYxMDMwMzk1NzkxMjhfNjU2MzU4ODE2NDQ0MDk4&__tn__=R-R,No Text,Sunday 10 September 2023 at 20:05,0,10 September 2023,20:05
Ajjagmouni Abdelouahab,https://web.facebook.com/ajjagmouni.abdelouahab?comment_id=Y29tbWVudDoyNjYxMDMwMzk1NzkxMjhfMzE2NTc5NDg3NTUxOTgy&__tn__=R-R,,Sunday 10 September 2023 at 15:04,0,10 September 2023,15:04
Khadija Tamnin,https://web.facebook.com/khadija.tamnin.5?comment_id=Y29tbWVudDoyNjYxMDMwMzk1NzkxMjhfNTgxMDk0OTEwNzA3Nzkz&__tn__=R-R,,Sunday 10 September 2023 at 10:15,0,10 September 2023,10:15
Siham Siham,https://web.facebook.com/profile.php?id=100044025690755&comment_id=Y29tbWVudDoyNjYxMDMwMzk1NzkxMjhfMjA5NTY3NDI2NDEwNjI4OA%3D%3D&__tn__=R-R,,Sunday 10 September 2023 at 11:49,0,10 September 2023,11:49
Hicham Safi,https://web.facebook.com/profile.php?id=100092565401600&comment_id=Y29tbWVudDoyNjYxMDMwMzk1NzkxMjhfMjg2ODQzMjg3NDIyODg4&__tn__=R-R,,Sunday 10 September 2023 at 12:18,0,10 September 2023,12:18
Ilyase Yosfe,https://web.facebook.com/profile.php?id=100090694779255&comment_id=Y29tbWVudDoyNjYxMDMwMzk1NzkxMjhfODQyOTc0NzIwNzQzMzU2&__tn__=R-R,No Text,Wednesday 13 September 2023 at 09:22,0,13 September 2023,09:22
Ilham Ilham,https://web.facebook.com/profile.php?id=100095393407567&comment_id=Y29tbWVudDoyNjYxMDMwMzk1NzkxMjhfMzIxNTUwMDkzODY3MTU0&__tn__=R-R,,Sunday 10 September 2023 at 20:06,0,10 September 2023,20:06
Samir Tahiri,https://web.facebook.com/profile.php?id=100071180493357&comment_id=Y29tbWVudDoyNjYxMDMwMzk1NzkxMjhfMTQwMjk5MjUzNzI1NTIzMA%3D%3D&__tn__=R-R,,Sunday 10 September 2023 at 11:29,0,10 September 2023,11:29
Amrakhi Amrakhi,https://web.facebook.com/profile.php?id=100093294049489&comment_id=Y29tbWVudDoyNjYxMDMwMzk1NzkxMjhfMTQ1NzgwMDgzNTAxNjg0Ng%3D%3D&__tn__=R-R,No Text,Sunday 10 September 2023 at 16:49,0,10 September 2023,16:49
Fati Fati,https://web.facebook.com/profile.php?id=100072861233716&comment_id=Y29tbWVudDoyNjYxMDMwMzk1NzkxMjhfMTUxMzc0NzA3OTQyOTA0NQ%3D%3D&__tn__=R-R,,Monday 11 September 2023 at 00:16,0,11 September 2023,00:16
Mohamed Zhiri,https://web.facebook.com/mohamed.zhiri.7796?comment_id=Y29tbWVudDoyNjYxMDMwMzk1NzkxMjhfNjI3MTM4ODU2MjI5MDcz&__tn__=R-R,,Sunday 10 September 2023 at 16:39,0,10 September 2023,16:39
Khalid Chegraoui,https://web.facebook.com/profile.php?id=100083033123286&comment_id=Y29tbWVudDoyNjYxMDMwMzk1NzkxMjhfMTY5NTU0MTg5NzU4MTAxMw%3D%3D&__tn__=R-R,,Sunday 10 September 2023 at 15:35,0,10 September 2023,15:35
Houria Kadi,https://web.facebook.com/houria.kadi.587?comment_id=Y29tbWVudDoyNjYxMDMwMzk1NzkxMjhfMTM3MTU1NTMwMzQ0OTIyNg%3D%3D&__tn__=R-R,,Sunday 10 September 2023 at 13:59,0,10 September 2023,13:59
Abuhatim Omar,https://web.facebook.com/abuhatim.omar.3?comment_id=Y29tbWVudDoyNjYxMDMwMzk1NzkxMjhfODU0MjM4MzEyNTcyOTQ3&__tn__=R-R,اتقوا الله ليست ظاهرة طبيعية بل هي عقاب وانذار من الله,Sunday 10 September 2023 at 11:05,0,10 September 2023,11:05
Brahim EL,https://web.facebook.com/profile.php?id=100008533380030&comment_id=Y29tbWVudDoyNjYxMDMwMzk1NzkxMjhfMTA1OTM3NjQ5NTQyMTkwNw%3D%3D&__tn__=R-R,المغرب يبدل مجهوات جبارة ل انقاد ناس والملك نصره الله اعطى تعليمات صارمة لتسريع انقاد ما سيتم انقاده,Sunday 10 September 2023 at 11:14,2,10 September 2023,11:14
جنات جنات,https://web.facebook.com/profile.php?id=100036505965238&comment_id=Y29tbWVudDoyNjYxMDMwMzk1NzkxMjhfNzY1MTg1NTk4NzE0NTcw&__tn__=R-R,اين مساعدة حكومة اخنوش الله ياخد فيك حق,Monday 11 September 2023 at 00:40,0,11 September 2023,00:40
Ista Ista,https://web.facebook.com/ista.ista567?comment_id=Y29tbWVudDoyNjYxMDMwMzk1NzkxMjhfMzA3NDY2MjIxODcyNzUx&__tn__=R-R,في نظري خاص استقالة جماعية للحكومة الحالية . بحكم غيابها ولا احد تحرك سوى ابناء الشعب بقلبهم بدمهم بكل ما بوسعهم . ماعدا الحكومة والفنانين لشابعين لعاقة كدونيا باطما وغيرها من المؤتيرين المنافقين,Sunday 10 September 2023 at 10:56,0,10 September 2023,10:56
Taoufik Kanari,https://web.facebook.com/taoufik.kanari?comment_id=Y29tbWVudDoyNjYxMDMwMzk1NzkxMjhfMzQzMjk0MzQ0NzY5Mjkx&__tn__=R-R,سكان المغرب المنسيون,Sunday 10 September 2023 at 12:56,0,10 September 2023,12:56
Mc Kariim,https://web.facebook.com/profile.php?id=100079270176652&comment_id=Y29tbWVudDoyNjYxMDMwMzk1NzkxMjhfMTUwODAwNDAwOTkzNjI0MQ%3D%3D&__tn__=R-R,كلنا جسد واااااااااحد,Sunday 10 September 2023 at 10:50,0,10 September 2023,10:50
مونيه العزاليه,https://web.facebook.com/profile.php?id=100088138771248&comment_id=Y29tbWVudDoyNjYxMDMwMzk1NzkxMjhfNjE2NTgyNzMwNjQ2OTY0&__tn__=R-R,No Text,Sunday 10 September 2023 at 18:58,0,10 September 2023,18:58
مونيه العزاليه,https://web.facebook.com/profile.php?id=100088138771248&comment_id=Y29tbWVudDoyNjYxMDMwMzk1NzkxMjhfMzE5NzMwNDY3MzgxODA2&__tn__=R-R,No Text,Sunday 10 September 2023 at 18:57,0,10 September 2023,18:57
مروى للموني,https://web.facebook.com/profile.php?id=100078427710941&comment_id=Y29tbWVudDoyNjYxMDMwMzk1NzkxMjhfODcxNjMzMTA3MTU1NTQ1&__tn__=R-R,,Sunday 10 September 2023 at 10:34,0,10 September 2023,10:34
Siham Siham,https://web.facebook.com/profile.php?id=100044025690755&comment_id=Y29tbWVudDoyNjYxMDMwMzk1NzkxMjhfMTA1MjMxMjUxNTkzNzUxNA%3D%3D&__tn__=R-R,,Sunday 10 September 2023 at 11:49,0,10 September 2023,11:49
Abdellah Bne Moussa,https://web.facebook.com/profile.php?id=61550695778451&comment_id=Y29tbWVudDoyNjYxMDMwMzk1NzkxMjhfOTYyODczODY4MTA3MDQ3&__tn__=R-R,,Sunday 10 September 2023 at 16:55,0,10 September 2023,16:55
Noumidia Tamazight,https://web.facebook.com/noumidia.tamazight.52?comment_id=Y29tbWVudDoyNjYxMDMwMzk1NzkxMjhfNjQ5MTQ4Nzg2NDI4MTAyOQ%3D%3D&__tn__=R-R,No Text,Sunday 10 September 2023 at 23:40,0,10 September 2023,23:40
Hassan Bislman,https://web.facebook.com/profile.php?id=100081797337282&comment_id=Y29tbWVudDoyNjYxMDMwMzk1NzkxMjhfMTM5MjMyODA2NDY1MzQ5Mg%3D%3D&__tn__=R-R,لله ما أعطى ولله ما أخذ انا لله وانا اليه راجعون,Sunday 10 September 2023 at 21:02,0,10 September 2023,21:02
Abdő Tørinø,https://web.facebook.com/profile.php?id=100038740125366&comment_id=Y29tbWVudDoyNjYxMDMwMzk1NzkxMjhfMTI2OTYxODk3Mzc0MDkyNQ%3D%3D&__tn__=R-R,No Text,Sunday 10 September 2023 at 10:49,0,10 September 2023,10:49
Fati Fleu,https://web.facebook.com/fati.fleu.3979?comment_id=Y29tbWVudDoyNjYxMDMwMzk1NzkxMjhfNjQxMTQ2MDc5ODk1MzgxMQ%3D%3D&__tn__=R-R,No Text,Wednesday 13 September 2023 at 19:09,0,13 September 2023,19:09
Fati Fleu,https://web.facebook.com/fati.fleu.3979?comment_id=Y29tbWVudDoyNjYxMDMwMzk1NzkxMjhfOTc4NjAxMzQzMjUwNjI0&__tn__=R-R,No Text,Wednesday 13 September 2023 at 19:08,0,13 September 2023,19:08
Fati Fleu,https://web.facebook.com/fati.fleu.3979?comment_id=Y29tbWVudDoyNjYxMDMwMzk1NzkxMjhfODQxNzIwOTgwNzk3NTUz&__tn__=R-R,No Text,Wednesday 13 September 2023 at 19:08,0,13 September 2023,19:08
Fati Fleu,https://web.facebook.com/fati.fleu.3979?comment_id=Y29tbWVudDoyNjYxMDMwMzk1NzkxMjhfMTAwNDQwNzYyMDcwNDE3Ng%3D%3D&__tn__=R-R,No Text,Wednesday 13 September 2023 at 19:08,0,13 September 2023,19:08
Hassan Ksim,https://web.facebook.com/profile.php?id=100004983690983&comment_id=Y29tbWVudDoyNjYxMDMwMzk1NzkxMjhfNjU2MDk5NDI5OTk1ODYy&__tn__=R-R,No Text,Sunday 10 September 2023 at 11:08,0,10 September 2023,11:08
Titrit Khadija,https://web.facebook.com/titrit.khadija.501?comment_id=Y29tbWVudDoyNjYxMDMwMzk1NzkxMjhfMjc5NTk1NDE0OTU5NTMz&__tn__=R-R,,Sunday 10 September 2023 at 10:38,0,10 September 2023,10:38
Yassin Cisawi,https://web.facebook.com/profile.php?id=100042226667992&comment_id=Y29tbWVudDoyNjYxMDMwMzk1NzkxMjhfNjA2NzkyNTY0NzMwMjg2&__tn__=R-R,No Text,Monday 11 September 2023 at 02:30,0,11 September 2023,02:30
Yassin Cisawi,https://web.facebook.com/profile.php?id=100042226667992&comment_id=Y29tbWVudDoyNjYxMDMwMzk1NzkxMjhfMTQzOTc1MzE0MDE0Njc4NA%3D%3D&__tn__=R-R,No Text,Monday 11 September 2023 at 02:29,0,11 September 2023,02:29
Rachid Tmllah,https://web.facebook.com/profile.php?id=100092835270852&comment_id=Y29tbWVudDoyNjYxMDMwMzk1NzkxMjhfODQwNDAxNjA3NzM5MDM3&__tn__=R-R,Lahwla wela 9owata ila bi lah lah yerham jami3 lemslimin,Sunday 10 September 2023 at 23:32,0,10 September 2023,23:32
Abd Agadir,https://web.facebook.com/profile.php?id=100080818778945&comment_id=Y29tbWVudDoyNjYxMDMwMzk1NzkxMjhfMTAyOTg5MjY4NDg2NDEzOQ%3D%3D&__tn__=R-R,اشمن.لدول.معندهوم.سوق.فلباشر.جميع.لحوكمة.كيطلو.في.لينثيخابة.كيشوف.هدلبيني.غير.طراب.ولحجار.ملكم.عمين.ظحكو.علا.لرسكوم,Sunday 10 September 2023 at 22:37,0,10 September 2023,22:37
Abd Agadir,https://web.facebook.com/profile.php?id=100080818778945&comment_id=Y29tbWVudDoyNjYxMDMwMzk1NzkxMjhfMTAyNjU3NTQ4MTg2NTQ2MQ%3D%3D&__tn__=R-R,ناس.خانرين.يلها.كيبانو.لحوكمة.للهم.لمحسينين.ثوعنو.قبل.لحكومة.,Sunday 10 September 2023 at 22:33,0,10 September 2023,22:33
Driss Mohtadi,https://web.facebook.com/profile.php?id=100071550134757&comment_id=Y29tbWVudDoyNjYxMDMwMzk1NzkxMjhfMTAyNjA0NTYyMTg3NTg2OQ%3D%3D&__tn__=R-R,No Text,Sunday 10 September 2023 at 19:44,0,10 September 2023,19:44
Bahija Kamal,https://web.facebook.com/profile.php?id=100091135917578&comment_id=Y29tbWVudDoyNjYxMDMwMzk1NzkxMjhfNjE3ODA5NjcwNTQ4NDM0&__tn__=R-R,No Text,Sunday 10 September 2023 at 19:39,0,10 September 2023,19:39
احمد شرعي,https://web.facebook.com/profile.php?id=100091001883174&comment_id=Y29tbWVudDoyNjYxMDMwMzk1NzkxMjhfNjIwNTkxNzQ5OTY2NjQx&__tn__=R-R,شرعي احمد اللهم ارحم جميع الاموات,Sunday 10 September 2023 at 18:53,0,10 September 2023,18:53
سفير تميزار,https://web.facebook.com/profile.php?id=100086063363872&comment_id=Y29tbWVudDoyNjYxMDMwMzk1NzkxMjhfOTEwMDMyOTMwNTQ0MDIx&__tn__=R-R,كل التضامن مع ضحايا زلزل وسط المغرب,Sunday 10 September 2023 at 18:48,0,10 September 2023,18:48
Abdellah Berhila,https://web.facebook.com/abdellah.berhila.5?comment_id=Y29tbWVudDoyNjYxMDMwMzk1NzkxMjhfMTQ1MDgxNzU1OTAzNTI0Mw%3D%3D&__tn__=R-R,No Text,Sunday 10 September 2023 at 18:46,0,10 September 2023,18:46
Ayob Safa,https://web.facebook.com/profile.php?id=100086689812944&comment_id=Y29tbWVudDoyNjYxMDMwMzk1NzkxMjhfMTAyMTYzNzM0NTYyNTk5Mg%3D%3D&__tn__=R-R,اليوم عاود ضرب فالصباح اقليم تارودانت,Sunday 10 September 2023 at 17:51,0,10 September 2023,17:51
Moustafa Nizar,https://web.facebook.com/profile.php?id=100090692118079&comment_id=Y29tbWVudDoyNjYxMDMwMzk1NzkxMjhfNjk1MTc3MjQxOTc2MzYx&__tn__=R-R,,Sunday 10 September 2023 at 17:39,0,10 September 2023,17:39
Moustafa Nizar,https://web.facebook.com/profile.php?id=100090692118079&comment_id=Y29tbWVudDoyNjYxMDMwMzk1NzkxMjhfMjU4MzUyODkxMTgwNDAzNw%3D%3D&__tn__=R-R,No Text,Sunday 10 September 2023 at 17:39,0,10 September 2023,17:39
Moustafa Nizar,https://web.facebook.com/profile.php?id=100090692118079&comment_id=Y29tbWVudDoyNjYxMDMwMzk1NzkxMjhfODQ1OTE3NzE3MTg0MTk2&__tn__=R-R,No Text,Sunday 10 September 2023 at 17:39,0,10 September 2023,17:39
Solayman IS,https://web.facebook.com/profile.php?id=61550588911258&comment_id=Y29tbWVudDoyNjYxMDMwMzk1NzkxMjhfMTIyODgzMjk0NDYxNTE1MA%3D%3D&__tn__=R-R,خطط الماسونية,Sunday 10 September 2023 at 17:34,0,10 September 2023,17:34
Fatiha Alabassi,https://web.facebook.com/profile.php?id=100072413176721&comment_id=Y29tbWVudDoyNjYxMDMwMzk1NzkxMjhfMjEwMTYxMDUyMDYzODY4&__tn__=R-R,قدر الله سبحانه وتعالى الله يرحم الموتى واشفي المرضى وكل من ساهم في هاد ه المأسات كان الله في عونه,Sunday 10 September 2023 at 17:25,0,10 September 2023,17:25
Maryem Ait Elghzal,https://web.facebook.com/Maria.Gacela87?comment_id=Y29tbWVudDoyNjYxMDMwMzk1NzkxMjhfMTEwMTI0NDI5NDE3NDIyMg%3D%3D&__tn__=R-R,المرجو النشر على أوسع نطاق لإنقاد وتموين الدواروير والقرى المنكوبةالمرجو النشر على أوسع نطاق لإنقاد وتموين الدواروير والقرى المنكوبة,Sunday 10 September 2023 at 17:06,0,10 September 2023,17:06
Marwa Lamsalla,https://web.facebook.com/profile.php?id=100093876700739&comment_id=Y29tbWVudDoyNjYxMDMwMzk1NzkxMjhfNjE3MTA2OTEwNjEwMzc4&__tn__=R-R,وفين الحكومة فيناهو أخنوش,Sunday 10 September 2023 at 17:03,0,10 September 2023,17:03
Fatiha Bahi,https://web.facebook.com/hiba.yassine.5815?comment_id=Y29tbWVudDoyNjYxMDMwMzk1NzkxMjhfNjU1NzYxNzQxNDMxNDUwNA%3D%3D&__tn__=R-R,No Text,Sunday 10 September 2023 at 17:01,0,10 September 2023,17:01
Abdellah Bne Moussa,https://web.facebook.com/profile.php?id=61550695778451&comment_id=Y29tbWVudDoyNjYxMDMwMzk1NzkxMjhfNjk2MzI0NzA0NzA1MjcwMQ%3D%3D&__tn__=R-R,Allah irhmhom,Sunday 10 September 2023 at 16:56,0,10 September 2023,16:56
Mustapha Benammi,https://web.facebook.com/mostaaffaa.benami?comment_id=Y29tbWVudDoyNjYxMDMwMzk1NzkxMjhfMzUwNzI0MTM3OTU0MDIzMA%3D%3D&__tn__=R-R,وليتو شدين العطش في الاستوديوهات هضرو على لحكومة علاش ناعسة و الدواوير المنسية المسؤولين عليها غابرين,Sunday 10 September 2023 at 16:55,0,10 September 2023,16:55
Zohra Bobo,https://web.facebook.com/zohra.bobo.52?comment_id=Y29tbWVudDoyNjYxMDMwMzk1NzkxMjhfODM3ODA1NjE0NDcwNDAz&__tn__=R-R,الله يرحم الجميع يارب العالمين,Sunday 10 September 2023 at 16:00,0,10 September 2023,16:00
Fouad Ragragui,https://web.facebook.com/profile.php?id=100081051995684&comment_id=Y29tbWVudDoyNjYxMDMwMzk1NzkxMjhfMjk5NDE3NjkzMDcxNTAxNQ%3D%3D&__tn__=R-R,انا لله وإنا إليه راجعون,Sunday 10 September 2023 at 15:54,0,10 September 2023,15:54
Sana Sana,https://web.facebook.com/profile.php?id=61550290702136&comment_id=Y29tbWVudDoyNjYxMDMwMzk1NzkxMjhfMTA2MTA4NTQ3ODM4NjA5Ng%3D%3D&__tn__=R-R,إن لله وإنا إليه راجعون,Sunday 10 September 2023 at 15:50,0,10 September 2023,15:50
Kimo JD,https://web.facebook.com/kamal.hadder?comment_id=Y29tbWVudDoyNjYxMDMwMzk1NzkxMjhfMTAwOTI3NTExMDE5MTg0MQ%3D%3D&__tn__=R-R,وفيناهوا أخنوش و الطالبي و و هبي و و و و,Sunday 10 September 2023 at 15:49,0,10 September 2023,15:49
Soso Lolo,https://web.facebook.com/profile.php?id=100046123952170&comment_id=Y29tbWVudDoyNjYxMDMwMzk1NzkxMjhfMTI2MjM5NTcxNDQ3MzY4MQ%3D%3D&__tn__=R-R,إنا لله وإنا إليه راجعون,Sunday 10 September 2023 at 15:46,0,10 September 2023,15:46
Aad Aad,https://web.facebook.com/profile.php?id=100092418343486&comment_id=Y29tbWVudDoyNjYxMDMwMzk1NzkxMjhfODI0OTAxNDk5MTAwODQ4&__tn__=R-R,Allah akbar allah yirhamhom yarqbi,Sunday 10 September 2023 at 15:35,0,10 September 2023,15:35
منصور منصور,https://web.facebook.com/profile.php?id=100075589847960&comment_id=Y29tbWVudDoyNjYxMDMwMzk1NzkxMjhfMzM4NzM5MDQxOTIzMTc0&__tn__=R-R,لا طذسغؤ23457خ9ح7رتنبهبهعفعلعلعاتتتاتاتههاهاهااخخفهف9292020طكجحنتل0ىبع0887626ق6فتقننقتبتبتبننبنبنقنقهقنقنب,Sunday 10 September 2023 at 15:28,0,10 September 2023,15:28
Sanae Salm,https://web.facebook.com/profile.php?id=100092921148614&comment_id=Y29tbWVudDoyNjYxMDMwMzk1NzkxMjhfMzMxOTM0MzcyNTg3OTc0&__tn__=R-R,No Text,Sunday 10 September 2023 at 15:24,0,10 September 2023,15:24
Sanae Salm,https://web.facebook.com/profile.php?id=100092921148614&comment_id=Y29tbWVudDoyNjYxMDMwMzk1NzkxMjhfMzg2MDY4NTM3NzUxOTU0Mg%3D%3D&__tn__=R-R,No Text,Sunday 10 September 2023 at 15:24,0,10 September 2023,15:24
Sanae Salm,https://web.facebook.com/profile.php?id=100092921148614&comment_id=Y29tbWVudDoyNjYxMDMwMzk1NzkxMjhfMzI1NDQ1NzU2NjA2NjE0&__tn__=R-R,No Text,Sunday 10 September 2023 at 15:24,0,10 September 2023,15:24
Hamza Hatimi,https://web.facebook.com/profile.php?id=100089488849988&comment_id=Y29tbWVudDoyNjYxMDMwMzk1NzkxMjhfMjAxMzg0MDYyNzk5OTQ1&__tn__=R-R,الكذابة لعنة الله عليكم وراه كاين دواوير مازال ماوصلوهم كون طلبتو غير المساعدة من بعض الدول كون خدموا,Sunday 10 September 2023 at 15:21,0,10 September 2023,15:21
Ajjagmouni Abdelouahab,https://web.facebook.com/ajjagmouni.abdelouahab?comment_id=Y29tbWVudDoyNjYxMDMwMzk1NzkxMjhfMTM5NTgwNTA0NDM2NjIwMw%3D%3D&__tn__=R-R,No Text,Sunday 10 September 2023 at 15:06,0,10 September 2023,15:06
Ilham Ilham,https://web.facebook.com/profile.php?id=100078137466913&comment_id=Y29tbWVudDoyNjYxMDMwMzk1NzkxMjhfMTcwMTY4MTE2MTEyNzIz&__tn__=R-R,الله الله الله يرحم الموتة وشفي الجرحة انا بكيت,Sunday 10 September 2023 at 15:02,0,10 September 2023,15:02
Fatima Abid,https://web.facebook.com/profile.php?id=100093209186957&comment_id=Y29tbWVudDoyNjYxMDMwMzk1NzkxMjhfMTM3MDQ0NTEwMzU1Mjk3Mw%3D%3D&__tn__=R-R,إنا لله وإنا إليه راجعون اللهم اغفر لهم وارحمهم برحمتك الله إعوضهم خيرا يارب,Sunday 10 September 2023 at 14:54,0,10 September 2023,14:54
Zayer Zayer,https://web.facebook.com/profile.php?id=100088931220036&comment_id=Y29tbWVudDoyNjYxMDMwMzk1NzkxMjhfMTcxNDAwMjE3MjM5Njk3MA%3D%3D&__tn__=R-R,الله احفظ الجميع,Sunday 10 September 2023 at 14:43,0,10 September 2023,14:43
Sellam Hammou,https://web.facebook.com/sellam.hammou.5?comment_id=Y29tbWVudDoyNjYxMDMwMzk1NzkxMjhfNjgzNjk2MjA2OTg4NTgz&__tn__=R-R,الله يرحمهم يارب العالمين,Sunday 10 September 2023 at 14:36,0,10 September 2023,14:36
Fatima Saidi,https://web.facebook.com/profile.php?id=100014918378080&comment_id=Y29tbWVudDoyNjYxMDMwMzk1NzkxMjhfMzEzMzgwOTA0NjkxNjAy&__tn__=R-R,انا لله وانا اليه راجعون البقاء لله لطفك يارب يعبادك,Sunday 10 September 2023 at 14:38,0,10 September 2023,14:38
ام حمزة الوئام,https://web.facebook.com/profile.php?id=100069446082399&comment_id=Y29tbWVudDoyNjYxMDMwMzk1NzkxMjhfODMyNTI3ODI1MjEwMTY4&__tn__=R-R,امتى غيكون تبرع بالدم في مدينة تيفلت,Sunday 10 September 2023 at 14:31,0,10 September 2023,14:31
Dima Dina,https://web.facebook.com/profile.php?id=100086721983941&comment_id=Y29tbWVudDoyNjYxMDMwMzk1NzkxMjhfMTM3MzQwMzMxNjg1NjY4Ng%3D%3D&__tn__=R-R,فين المعدات فين المروحيات وفين الانقاذ ما شفنا والو واحد التراكس لي كاينة اودي المغرب ليه الله يا ربي ترحمهم,Sunday 10 September 2023 at 14:29,0,10 September 2023,14:29
Driss Al Ayoubi,https://web.facebook.com/yousfamzdad.hafidamzdad?comment_id=Y29tbWVudDoyNjYxMDMwMzk1NzkxMjhfMTAxMDI3NDYzMzQzNTcwNQ%3D%3D&__tn__=R-R,الله ارحمهم جميعاً,Sunday 10 September 2023 at 14:18,0,10 September 2023,14:18
الياقوتة الفيروزية,https://web.facebook.com/profile.php?id=61550211334821&comment_id=Y29tbWVudDoyNjYxMDMwMzk1NzkxMjhfODYyNzcwMTc1NDk3ODQ1&__tn__=R-R,إنا لله وإنا إليه راجعون,Sunday 10 September 2023 at 14:10,0,10 September 2023,14:10
Brahim Akharraz,https://web.facebook.com/profile.php?id=100072633743719&comment_id=Y29tbWVudDoyNjYxMDMwMzk1NzkxMjhfMzQ3NjM1Njc2MjYzMDA3NA%3D%3D&__tn__=R-R,",",Sunday 10 September 2023 at 14:04,0,10 September 2023,14:04
Housa Tiz Wa,https://web.facebook.com/profile.php?id=100013991529904&comment_id=Y29tbWVudDoyNjYxMDMwMzk1NzkxMjhfNjEyNDc4MDM0MTM0OTQx&__tn__=R-R,اسماء الدواوير اللي محتاجة مساعدة حاليا بإقليم تارودانت,Sunday 10 September 2023 at 14:03,0,10 September 2023,14:03
Ĵa Äd,https://web.facebook.com/profile.php?id=100068849334209&comment_id=Y29tbWVudDoyNjYxMDMwMzk1NzkxMjhfNjUwMTI5NTcwNjU3MjUwNA%3D%3D&__tn__=R-R,"التضاريس تعيق المساعدات فقط أما سيارات الانتخابات لا تعرف اية إعاقة
لكم الله",Sunday 10 September 2023 at 13:45,0,10 September 2023,13:45
Loka Yasir,https://web.facebook.com/profile.php?id=100092408494755&comment_id=Y29tbWVudDoyNjYxMDMwMzk1NzkxMjhfODUyMzYyMjc5ODkyMDIw&__tn__=R-R,الله ارحم الضحايا وشافني المصابين,Sunday 10 September 2023 at 13:38,0,10 September 2023,13:38
Paix Espoir Tolérance,https://web.facebook.com/yanis.bil?comment_id=Y29tbWVudDoyNjYxMDMwMzk1NzkxMjhfNjYzNzA3MDE1NDg3MTk4&__tn__=R-R,لطفك يا الله,Sunday 10 September 2023 at 13:26,0,10 September 2023,13:26
Ismail Youness,https://web.facebook.com/profile.php?id=100009227599128&comment_id=Y29tbWVudDoyNjYxMDMwMzk1NzkxMjhfNjcyNTM0MjI3ODc3NzMw&__tn__=R-R,Salah Eddine,Sunday 10 September 2023 at 13:23,0,10 September 2023,13:23
Ismail Youness,https://web.facebook.com/profile.php?id=100009227599128&comment_id=Y29tbWVudDoyNjYxMDMwMzk1NzkxMjhfMTAwMTg0MDEwMDk2MzUxMw%3D%3D&__tn__=R-R,Mohamed Alli,Sunday 10 September 2023 at 13:23,0,10 September 2023,13:23
Ismail Youness,https://web.facebook.com/profile.php?id=100009227599128&comment_id=Y29tbWVudDoyNjYxMDMwMzk1NzkxMjhfMzM3MzM1OTAzNjMwOTU5OQ%3D%3D&__tn__=R-R,Driss Watani,Sunday 10 September 2023 at 13:22,0,10 September 2023,13:22
Ismail Youness,https://web.facebook.com/profile.php?id=100009227599128&comment_id=Y29tbWVudDoyNjYxMDMwMzk1NzkxMjhfNjYwOTQ5MDY1NzY2MTU3&__tn__=R-R,Anouar Bo,Sunday 10 September 2023 at 13:22,0,10 September 2023,13:22
Ismail Youness,https://web.facebook.com/profile.php?id=100009227599128&comment_id=Y29tbWVudDoyNjYxMDMwMzk1NzkxMjhfNjg5MzUxNjQ1OTgwMjY4&__tn__=R-R,Yassine Adam,Sunday 10 September 2023 at 13:21,0,10 September 2023,13:21
Rihana Sbayhi,https://web.facebook.com/profile.php?id=100090263814265&comment_id=Y29tbWVudDoyNjYxMDMwMzk1NzkxMjhfNjA1MjIxMDUxNTUxNjQ3&__tn__=R-R,الله رحمهم,Sunday 10 September 2023 at 13:18,0,10 September 2023,13:18
Mahfoud HY,https://web.facebook.com/profile.php?id=100058080416555&comment_id=Y29tbWVudDoyNjYxMDMwMzk1NzkxMjhfNjUwNDY2MjAwMTc4NzA2&__tn__=R-R,اين هو الحوار مع المواطنين المتضررين يا قنواة المغربية ؟,Sunday 10 September 2023 at 13:04,0,10 September 2023,13:04
ابومريم ابومريم,https://web.facebook.com/profile.php?id=100009090464034&comment_id=Y29tbWVudDoyNjYxMDMwMzk1NzkxMjhfNzY1NTM0MDMyMjUwMDQ3&__tn__=R-R,أين وزارة النقل لك الله يا وطني,Sunday 10 September 2023 at 13:01,0,10 September 2023,13:01
Møhãmëd Ouarsas,https://web.facebook.com/profile.php?id=100028847139233&comment_id=Y29tbWVudDoyNjYxMDMwMzk1NzkxMjhfMTQ2NzQ2MTg1MDcxNTY1NA%3D%3D&__tn__=R-R,#اقيلم_تارودانت_يستغيت,Sunday 10 September 2023 at 12:57,0,10 September 2023,12:57
Zhour Zhour,https://web.facebook.com/profile.php?id=100084423936583&comment_id=Y29tbWVudDoyNjYxMDMwMzk1NzkxMjhfMTMwMDY3Mzc3MzkyNzUyMA%3D%3D&__tn__=R-R,شهداء ربى يرحمهم امين,Sunday 10 September 2023 at 12:55,0,10 September 2023,12:55
Âmàl El,https://web.facebook.com/profile.php?id=100086250645058&comment_id=Y29tbWVudDoyNjYxMDMwMzk1NzkxMjhfMTYyNDAxNzQyODA4OTcwNA%3D%3D&__tn__=R-R,الناس لمتضررين من الزلزال لجا لصبيطار فمراكش ومعندوش فين اگلس مرحبا كاينين شقق تواصلوا معانا,Sunday 10 September 2023 at 12:31,0,10 September 2023,12:31
Samir Brown Oufath,https://web.facebook.com/samirbrown.oufath?comment_id=Y29tbWVudDoyNjYxMDMwMzk1NzkxMjhfNjgzODUxNDYzMjYwNzc5&__tn__=R-R,الله يرحم لي ماتو والله يشافي مصابين ياربي,Sunday 10 September 2023 at 12:13,0,10 September 2023,12:13
Houriya Douae,https://web.facebook.com/houriya.douae.3?comment_id=Y29tbWVudDoyNjYxMDMwMzk1NzkxMjhfNjg3NzAyMzY2NTQwMzg5&__tn__=R-R,نسال الله العافية والسلامة,Sunday 10 September 2023 at 12:00,0,10 September 2023,12:00
Siham Siham,https://web.facebook.com/profile.php?id=100044025690755&comment_id=Y29tbWVudDoyNjYxMDMwMzk1NzkxMjhfMjY3NTkzMzM5NDg5MTk0&__tn__=R-R,,Sunday 10 September 2023 at 11:49,0,10 September 2023,11:49
سهام بناني,https://web.facebook.com/profile.php?id=100078611186493&comment_id=Y29tbWVudDoyNjYxMDMwMzk1NzkxMjhfOTgwNTkwNjc5NjkwODQ5&__tn__=R-R,الناس ملاقيا متاكل في لمديمه لقديمه لا خبز ولحوانت سدا عتقو الناس هادشي في مراكش,Sunday 10 September 2023 at 11:43,0,10 September 2023,11:43
Amina Bolhrod,https://web.facebook.com/profile.php?id=100092681529585&comment_id=Y29tbWVudDoyNjYxMDMwMzk1NzkxMjhfMTYyMDg0Njk0NTA5MDcwNg%3D%3D&__tn__=R-R,واش بصح باغين يقطع مواقع التواص,Sunday 10 September 2023 at 11:39,0,10 September 2023,11:39
Atika Jebbadi,https://web.facebook.com/profile.php?id=100094209480020&comment_id=Y29tbWVudDoyNjYxMDMwMzk1NzkxMjhfMTA0NjM0Njc1MzE5Njc4Mg%3D%3D&__tn__=R-R,الله يرحمه يارب يارب يارب,Sunday 10 September 2023 at 11:37,0,10 September 2023,11:37
Yazid Tafraouti,https://web.facebook.com/profile.php?id=100089313046180&comment_id=Y29tbWVudDoyNjYxMDMwMzk1NzkxMjhfNjUxNzE0MzczODQwNTQwMQ%3D%3D&__tn__=R-R,لا إله إلا الله وحده لا شريك له له الملك وله الحمد وهو على كل شيء قدير,Sunday 10 September 2023 at 11:34,0,10 September 2023,11:34
Yazid Tafraouti,https://web.facebook.com/profile.php?id=100089313046180&comment_id=Y29tbWVudDoyNjYxMDMwMzk1NzkxMjhfMTE1MjUzNzQxOTQ2OTE3OQ%3D%3D&__tn__=R-R,يا رب احفظ بلادنا,Sunday 10 September 2023 at 11:33,0,10 September 2023,11:33
Fatima Hamoudane,https://web.facebook.com/fatima.hamoudane.14?comment_id=Y29tbWVudDoyNjYxMDMwMzk1NzkxMjhfODI3MDk5NzM1NTc2ODg2&__tn__=R-R,الله ارحمهم ياربي واحد السيده جارتي ماتو ليها عاىلتها كلهم فواحد العرس ربي ارحمهم وحتى راجل صاحبتي ماتو عاىلتو كامله الله ارحم الجميع,Sunday 10 September 2023 at 11:27,0,10 September 2023,11:27
لبنى نوره,https://web.facebook.com/profile.php?id=61550129172995&comment_id=Y29tbWVudDoyNjYxMDMwMzk1NzkxMjhfNjI0NzM0OTM5Nzg5Nzg2&__tn__=R-R,ليوم9,Sunday 10 September 2023 at 11:25,0,10 September 2023,11:25
خيرن كور,https://web.facebook.com/profile.php?id=100091759308691&comment_id=Y29tbWVudDoyNjYxMDMwMzk1NzkxMjhfMjc2NTcwMDIxODMzMDY4&__tn__=R-R,الله يرحمهم ويغفر لهم,Sunday 10 September 2023 at 11:22,0,10 September 2023,11:22
Miloud Miloud,https://web.facebook.com/profile.php?id=100085604449081&comment_id=Y29tbWVudDoyNjYxMDMwMzk1NzkxMjhfODEwNjc2OTU0MTQxOTgw&__tn__=R-R,حداد على اخنوش وحكومته التي لحد الان لم نسمع عنها شيء الجزائر بقيادتها التى نقولو عليها عدوة فتحت المجال الجوي وقامت بتعزية الشعب المغربي وعلى أتم الاستعداد لتقديم المساعدات للشعب المغربي,Sunday 10 September 2023 at 11:12,0,10 September 2023,11:12
On Azedin On Azedin,https://web.facebook.com/profile.php?id=100092711569038&comment_id=Y29tbWVudDoyNjYxMDMwMzk1NzkxMjhfOTk3MzQ3NTE3OTg1Njgw&__tn__=R-R,وشكون نتيا تتنمر على بيلدون معنا الله الحبيب,Sunday 10 September 2023 at 11:11,0,10 September 2023,11:11
Bosfid Wav Bos,https://web.facebook.com/profile.php?id=100094101463134&comment_id=Y29tbWVudDoyNjYxMDMwMzk1NzkxMjhfNjI3MTA3NDAyODY5Mzg5&__tn__=R-R,معانا قران معانا رطت وليدين,Sunday 10 September 2023 at 11:10,2,10 September 2023,11:10
Na Da,https://web.facebook.com/profile.php?id=100093714102640&comment_id=Y29tbWVudDoyNjYxMDMwMzk1NzkxMjhfMjM5Njc3MjgyNzM3NzA5Mg%3D%3D&__tn__=R-R,اين طائرات الأنقاض اين رجال حمايتكم و اين حكامكم تاركين الماس تحت الأنقاض أم أن دولتكم مبنية بالشعارات والتفاهات,Sunday 10 September 2023 at 11:08,2,10 September 2023,11:08
Rachid Ben Chammach,https://web.facebook.com/rachid.benchammach?comment_id=Y29tbWVudDoyNjYxMDMwMzk1NzkxMjhfMTExOTQyODE0Mjc5NTE4MQ%3D%3D&__tn__=R-R,مباشر خطير من دوار تنزاض جماعة تيزي نتاست اقليم تارودانت برطاجيو,Sunday 10 September 2023 at 11:07,2,10 September 2023,11:07
Brahim EL,https://web.facebook.com/profile.php?id=100008533380030&comment_id=Y29tbWVudDoyNjYxMDMwMzk1NzkxMjhfMjAzOTgzOTk5MTg4ODc2&__tn__=R-R,ملكنا الحبيب امر بتدخل والقوات المسلحة ستساعد جميع ناس ان شاء الله,Sunday 10 September 2023 at 11:08,3,10 September 2023,11:08
Brahim EL,https://web.facebook.com/profile.php?id=100008533380030&comment_id=Y29tbWVudDoyNjYxMDMwMzk1NzkxMjhfMTQ1ODEzMDUxOTE5ODgz&__tn__=R-R,عاش الملك محمد سادس,Sunday 10 September 2023 at 11:06,0,10 September 2023,11:06
ⵎⴰⵔ ⵡⴰⵏ,https://web.facebook.com/profile.php?id=100057144783075&comment_id=Y29tbWVudDoyNjYxMDMwMzk1NzkxMjhfNjk4NTU0NDY4OTY1NTYw&__tn__=R-R,Nápőlï RâyàñJawad DawlaTøBė Møhé Omar Sarhan,Sunday 10 September 2023 at 11:04,0,10 September 2023,11:04
Meryem Ait,https://web.facebook.com/hiba.sami.92?comment_id=Y29tbWVudDoyNjYxMDMwMzk1NzkxMjhfMTQwMzM1MjU5MzU1NTYwOQ%3D%3D&__tn__=R-R,مال كابن تنبؤ بالزلزال تا حد مكيعرف,Sunday 10 September 2023 at 11:02,0,10 September 2023,11:02
Fatima Fokajdi,https://web.facebook.com/profile.php?id=100086598490937&comment_id=Y29tbWVudDoyNjYxMDMwMzk1NzkxMjhfODE4NjQzODEzMzI5OTM2&__tn__=R-R,اودي كون كان يعرفو هادشي قبل متوقع هاد الفاجعة,Sunday 10 September 2023 at 11:02,2,10 September 2023,11:02
Mourad Bourachli,https://web.facebook.com/mourad.bourachli.3?comment_id=Y29tbWVudDoyNjYxMDMwMzk1NzkxMjhfMTQ5NjQ0NjA4MTExMTAzMg%3D%3D&__tn__=R-R,Lah yrhm amwatana wyt4mdhom lah bwasi3 rhmatih,Sunday 10 September 2023 at 11:01,2,10 September 2023,11:01
Hazar Hazar,https://web.facebook.com/profile.php?id=100094197186744&comment_id=Y29tbWVudDoyNjYxMDMwMzk1NzkxMjhfMTk0MDMyMzU4NjM0MzM0NA%3D%3D&__tn__=R-R,Kan dalo fazn9a ou nabatoha fiha,Sunday 10 September 2023 at 10:59,0,10 September 2023,10:59
Bosfid Wav Bos,https://web.facebook.com/profile.php?id=100094101463134&comment_id=Y29tbWVudDoyNjYxMDMwMzk1NzkxMjhfNTYzMzgwNjY5MjA3OTI5&__tn__=R-R,في لول كان ومن بعد قالو شي ناس خرجو خرجو عوت تاني رجع اشعات او سفي,Sunday 10 September 2023 at 10:58,0,10 September 2023,10:58
الو حيد,https://web.facebook.com/profile.php?id=100095126683084&comment_id=Y29tbWVudDoyNjYxMDMwMzk1NzkxMjhfNjczMTAyMDQ4MTIxOTk3&__tn__=R-R,دبا حنا فالعلاج النفسي، نقدتو الناس وكلتوهم ضبرتو لهم فين ينعسو خديتهم المستشفى يتعالجو، بقا غير العلاج النفسي,Sunday 10 September 2023 at 10:58,4,10 September 2023,10:58
Hamza Kandil,https://web.facebook.com/hamza.kandil.391?comment_id=Y29tbWVudDoyNjYxMDMwMzk1NzkxMjhfMzQwNzY5MjExNjE1NDE2&__tn__=R-R,في إقليم ترودانت تزادو 10 أموات على 2012 مزالو شهداء جدد,Sunday 10 September 2023 at 10:57,0,10 September 2023,10:57
Bosfid Wav Bos,https://web.facebook.com/profile.php?id=100094101463134&comment_id=Y29tbWVudDoyNjYxMDMwMzk1NzkxMjhfMzUwOTM5NzgyOTM3NzgwNA%3D%3D&__tn__=R-R,الله يحفط,Sunday 10 September 2023 at 10:54,0,10 September 2023,10:54
سفيان النوري,https://web.facebook.com/profile.php?id=100093084438926&comment_id=Y29tbWVudDoyNjYxMDMwMzk1NzkxMjhfNTI3OTI3MTk2MTY0ODQ4&__tn__=R-R,ظروري من وجود امراض النفسية والاجتماعية هي اصلا موجودة قبل الزلزال و ما بالك بعد هذه الصدمة المؤرقة اللهم اصلح حال الجميع الذي يحز في النفس هو معانات القرى و البوادي المجاورة اما المدن فهي وسط الحضارة ، الله يصلح الحال,Sunday 10 September 2023 at 10:53,0,10 September 2023,10:53
Sabi Hamza Hamza,https://web.facebook.com/profile.php?id=100084224176665&comment_id=Y29tbWVudDoyNjYxMDMwMzk1NzkxMjhfNjcxNzA4MjkzMTY2ODAyNw%3D%3D&__tn__=R-R,No Text,Sunday 10 September 2023 at 10:52,0,10 September 2023,10:52
Abdollah Adnay,https://web.facebook.com/profile.php?id=100090292008927&comment_id=Y29tbWVudDoyNjYxMDMwMzk1NzkxMjhfMjczNjcwMjM4ODIwMzM2&__tn__=R-R,الله يحفض بلادنا,Sunday 10 September 2023 at 10:52,0,10 September 2023,10:52
حسن الحاج,https://web.facebook.com/profile.php?id=100071641343640&comment_id=Y29tbWVudDoyNjYxMDMwMzk1NzkxMjhfMjI5MDgwNjkxNDQ1NjYyNA%3D%3D&__tn__=R-R,الدولة. الجزائرية. على رأسهم. القائد العام. ووزير الدفاع. والسيد. البطل. عبد المجيد تبون. المتشبع. بالانسانية. الطيبة. والتسامح. الصافي النقي. مع.القائد العام. الفريق السيد. سعيد شنقريحة. قدمو الانسانية حتى ان كانو. من قبل. انسانية. وقررو. دعم… See more,Sunday 10 September 2023 at 10:52,0,10 September 2023,10:52
Saida Veluire,https://web.facebook.com/saida.mahamadveluire?comment_id=Y29tbWVudDoyNjYxMDMwMzk1NzkxMjhfMjQ5ODAxNDcxNzAzNjE3NQ%3D%3D&__tn__=R-R,حسبي الله ونعم الوكيل,Sunday 10 September 2023 at 10:52,0,10 September 2023,10:52
Abdő Tørinø,https://web.facebook.com/profile.php?id=100038740125366&comment_id=Y29tbWVudDoyNjYxMDMwMzk1NzkxMjhfOTc4MzAxMTgzNDYzNjI4&__tn__=R-R,الناس تاع جبال مكين لي طل عليهوم تارودانت اوشيشاوة اواقليم مراكش,Sunday 10 September 2023 at 10:51,0,10 September 2023,10:51
Fati Fati,https://web.facebook.com/profile.php?id=100082971785756&comment_id=Y29tbWVudDoyNjYxMDMwMzk1NzkxMjhfODE0OTk4MjIzNjU1OTUz&__tn__=R-R,No Text,Sunday 10 September 2023 at 10:50,0,10 September 2023,10:50
ÃĪî ÃĪî,https://web.facebook.com/profile.php?id=100049845797399&comment_id=Y29tbWVudDoyNjYxMDMwMzk1NzkxMjhfMjYzMTc1NjUzMjIyNzM1&__tn__=R-R,ربي يرحمهم لي ماتو,Sunday 10 September 2023 at 10:50,0,10 September 2023,10:50
Mohamed Pàpàlô,https://web.facebook.com/profile.php?id=100075452884313&comment_id=Y29tbWVudDoyNjYxMDMwMzk1NzkxMjhfODAzODIwNTAxNDg1NTcz&__tn__=R-R,اسلن وخ تعتو دما طوبا كيبيعوه,Sunday 10 September 2023 at 10:49,0,10 September 2023,10:49
Fati Fati,https://web.facebook.com/profile.php?id=100082971785756&comment_id=Y29tbWVudDoyNjYxMDMwMzk1NzkxMjhfMjkyODM1MTYwMTU0MDM4&__tn__=R-R,No Text,Sunday 10 September 2023 at 10:49,0,10 September 2023,10:49
Fati Fati,https://web.facebook.com/profile.php?id=100082971785756&comment_id=Y29tbWVudDoyNjYxMDMwMzk1NzkxMjhfODc3NjUwNjA3MzEwNjEw&__tn__=R-R,No Text,Sunday 10 September 2023 at 10:49,0,10 September 2023,10:49
Fati Fati,https://web.facebook.com/profile.php?id=100082971785756&comment_id=Y29tbWVudDoyNjYxMDMwMzk1NzkxMjhfMTI4Nzg1Njg2MTg2MzI1MQ%3D%3D&__tn__=R-R,No Text,Sunday 10 September 2023 at 10:49,0,10 September 2023,10:49
Klismane Le Juriste,https://web.facebook.com/klismane.mchangama?comment_id=Y29tbWVudDoyNjYxMDMwMzk1NzkxMjhfOTY0NjY5NDYxNDYwOTY5&__tn__=R-R,No Text,Sunday 10 September 2023 at 10:48,0,10 September 2023,10:48
Klismane Le Juriste,https://web.facebook.com/klismane.mchangama?comment_id=Y29tbWVudDoyNjYxMDMwMzk1NzkxMjhfMTIzNTMyMjg5MzgzMjExNg%3D%3D&__tn__=R-R,No Text,Sunday 10 September 2023 at 10:48,0,10 September 2023,10:48
Oumaima Mouzouri,https://web.facebook.com/sara.mouzouri.5680?comment_id=Y29tbWVudDoyNjYxMDMwMzk1NzkxMjhfODU0MzA4NDIzMDc0MTc5&__tn__=R-R,الحمد الله,Sunday 10 September 2023 at 10:47,0,10 September 2023,10:47
Fode Keita,https://web.facebook.com/profile.php?id=100092983056683&comment_id=Y29tbWVudDoyNjYxMDMwMzk1NzkxMjhfMjg5NzA1OTMzNzYyMDcy&__tn__=R-R,No Text,Sunday 10 September 2023 at 10:47,0,10 September 2023,10:47
Simo Muostabcer,https://web.facebook.com/mohamdemms.akram?comment_id=Y29tbWVudDoyNjYxMDMwMzk1NzkxMjhfMjM1MzE3NDE1NzYxMzE1&__tn__=R-R,No Text,Sunday 10 September 2023 at 10:46,0,10 September 2023,10:46
محمد أخزام,https://web.facebook.com/profile.php?id=100095104999908&comment_id=Y29tbWVudDoyNjYxMDMwMzk1NzkxMjhfNjk1NjkwOTYxOTE2MzMz&__tn__=R-R,الحمدالله,Sunday 10 September 2023 at 10:44,0,10 September 2023,10:44
يوسف بن شريف,https://web.facebook.com/profile.php?id=61550020524674&comment_id=Y29tbWVudDoyNjYxMDMwMzk1NzkxMjhfMjc2MTc4MTE1MTk5NjI4&__tn__=R-R,الله يلطف بنا,Sunday 10 September 2023 at 10:37,0,10 September 2023,10:37
Kamal Rihani,https://web.facebook.com/kamal.rihani.9619?comment_id=Y29tbWVudDoyNjYxMDMwMzk1NzkxMjhfMzE2NTYzOTgwODk0NjE3&__tn__=R-R,الله يرحمه الرحمن الرحيم والصلاه,Sunday 10 September 2023 at 10:36,0,10 September 2023,10:36
Nhiri Momhamed,https://web.facebook.com/profile.php?id=100091885366796&comment_id=Y29tbWVudDoyNjYxMDMwMzk1NzkxMjhfODU1NDE1Njc5MzI2NzUy&__tn__=R-R,ليشفيكوم,Sunday 10 September 2023 at 10:36,0,10 September 2023,10:36
Titrit Khadija,https://web.facebook.com/titrit.khadija.501?comment_id=Y29tbWVudDoyNjYxMDMwMzk1NzkxMjhfODY1NDQ3Mzk4NTE3MDcy&__tn__=R-R,No Text,Sunday 10 September 2023 at 10:35,0,10 September 2023,10:35
كلمة الحق,https://web.facebook.com/driss.brighet?comment_id=Y29tbWVudDoyNjYxMDMwMzk1NzkxMjhfMjY3NjM4MzA5NDY3NTI2&__tn__=R-R,الله يرحم اخونء في المغرب في هد الكرية,Sunday 10 September 2023 at 10:35,0,10 September 2023,10:35
Kamal Rihani,https://web.facebook.com/kamal.rihani.9619?comment_id=Y29tbWVudDoyNjYxMDMwMzk1NzkxMjhfOTkyMTY2OTI1MjI4NDY1&__tn__=R-R,No Text,Sunday 10 September 2023 at 10:35,0,10 September 2023,10:35
Kamal Rihani,https://web.facebook.com/kamal.rihani.9619?comment_id=Y29tbWVudDoyNjYxMDMwMzk1NzkxMjhfMjY2ODg1MTU0OTkzNjcxOA%3D%3D&__tn__=R-R,No Text,Sunday 10 September 2023 at 10:35,0,10 September 2023,10:35
Fati Fati,https://web.facebook.com/profile.php?id=100082971785756&comment_id=Y29tbWVudDoyNjYxMDMwMzk1NzkxMjhfMjIyMjg5MDQzODM3OTgz&__tn__=R-R,No Text,Sunday 10 September 2023 at 10:35,0,10 September 2023,10:35
Amina Lmoudni,https://web.facebook.com/amina.lmoudni?comment_id=Y29tbWVudDoyNjYxMDMwMzk1NzkxMjhfMzQ4NzQxODU1ODE0MjEyOA%3D%3D&__tn__=R-R,نترجم ليكم قالك الدراري دالدوار هما اللي عتقوه.,Sunday 10 September 2023 at 10:34,2,10 September 2023,10:34
Fati Fati,https://web.facebook.com/profile.php?id=100082971785756&comment_id=Y29tbWVudDoyNjYxMDMwMzk1NzkxMjhfMzMxNTM4MTc1ODkxMTg5&__tn__=R-R,No Text,Sunday 10 September 2023 at 10:34,0,10 September 2023,10:34
Vou Lika,https://web.facebook.com/profile.php?id=100077682510778&comment_id=Y29tbWVudDoyNjYxMDMwMzk1NzkxMjhfNjc3MTc4NjM1NjIxOTQ4Mw%3D%3D&__tn__=R-R,الله يشافيكم,Sunday 10 September 2023 at 10:34,0,10 September 2023,10:34
Lat Lati Lat Lati,https://web.facebook.com/profile.php?id=100079492157275&comment_id=Y29tbWVudDoyNjYxMDMwMzk1NzkxMjhfMjkwNDEyNjYwMzkwMTc3&__tn__=R-R,دزت هزا خفيفة مدينة تارودانت هذا الصباح الله يلطف بنا,Sunday 10 September 2023 at 10:32,0,10 September 2023,10:32
Red Amali,https://web.facebook.com/profile.php?id=100011087071397&comment_id=Y29tbWVudDoyNjYxMDMwMzk1NzkxMjhfMjE1MzQ3MzQwODM3NzcwOA%3D%3D&__tn__=R-R,إنا لله وإنا إليه راجعون,Sunday 10 September 2023 at 10:32,0,10 September 2023,10:32
عتمان بنتي,https://web.facebook.com/profile.php?id=100072810776392&comment_id=Y29tbWVudDoyNjYxMDMwMzk1NzkxMjhfMTA0MzQxNTIyMDM0MDA2NQ%3D%3D&__tn__=R-R,الله,Sunday 10 September 2023 at 10:32,0,10 September 2023,10:32
Kamal Rihani,https://web.facebook.com/kamal.rihani.9619?comment_id=Y29tbWVudDoyNjYxMDMwMzk1NzkxMjhfMTAwNjQxMzUzMzkwMDA2MA%3D%3D&__tn__=R-R,الله اكبر ولله الحمد,Sunday 10 September 2023 at 10:32,0,10 September 2023,10:32
ام محمد,https://web.facebook.com/profile.php?id=100088666783318&comment_id=Y29tbWVudDoyNjYxMDMwMzk1NzkxMjhfMzc0MjAxODA4OTM0ODA1OQ%3D%3D&__tn__=R-R,الله يرحم شهد ا الصحراوين ضحيا درون، وشهدا، المغرب ضحيا زالزال,Sunday 10 September 2023 at 10:31,0,10 September 2023,10:31
Safir Lgharb Sba,https://web.facebook.com/abdelghani.boumekhiet.1?comment_id=Y29tbWVudDoyNjYxMDMwMzk1NzkxMjhfNjUyMzQ2MTE2OTYzNTI3&__tn__=R-R,ربي يرحم الموتي ويشافي المرضي عظم الله اجركم من الجزائر,Sunday 10 September 2023 at 10:30,0,10 September 2023,10:30
Abdou Abdoûx,https://web.facebook.com/profile.php?id=100086951610324&comment_id=Y29tbWVudDoyNjYxMDMwMzk1NzkxMjhfNTkyODk2NzIxNzIwNTA2MA%3D%3D&__tn__=R-R,قدر الله فعل إنا لله وإنا إليه راجعون,Sunday 10 September 2023 at 10:30,0,10 September 2023,10:30
Said Chalfi,https://web.facebook.com/jone.maykaljakson?comment_id=Y29tbWVudDoyNjYxMDMwMzk1NzkxMjhfOTkwMTk1ODA1NjIyNzk2&__tn__=R-R,الله يرحمهم مساكن,Sunday 10 September 2023 at 10:28,0,10 September 2023,10:28
رجيم سهام,https://web.facebook.com/profile.php?id=100033571066286&comment_id=Y29tbWVudDoyNjYxMDMwMzk1NzkxMjhfODgxODkxMzMzNDg0MjE3&__tn__=R-R,الله يرحمهم يارب العالمين,Sunday 10 September 2023 at 10:27,0,10 September 2023,10:27
Pretty Souma,https://web.facebook.com/pretty.souma.1422409?comment_id=Y29tbWVudDoyNjYxMDMwMzk1NzkxMjhfMTc3MDAxOTEyNjc5MjMzMQ%3D%3D&__tn__=R-R,اللهم كن مع اخوتنا و لا تكن عليهم اللهم اعنهم في مصيبتهم اللهم ارحم موتاهم و اشفي مرضاهم و تلطف بهم فانت العالم بعبادك اللهم لا تفرق شمل المسلمين و اجعل ابتلاءك سبب جمعهم يا رب,Sunday 10 September 2023 at 10:27,0,10 September 2023,10:27
عبدو عبدو,https://web.facebook.com/profile.php?id=100016915425747&comment_id=Y29tbWVudDoyNjYxMDMwMzk1NzkxMjhfMjAwODkyMjQ2MTgxNDA1&__tn__=R-R,""" يا أهلنا في المغرب نحن الجزائريين نحبكم في الله يجمعنا الكتاب و السنة و لا تفرقنا السياسة و لا كرة القدم و لا الأعداء الذين يتربصون بنا الدوائر فانه اذا التقى مسلمان بسيفيهما",Sunday 10 September 2023 at 10:26,2,10 September 2023,10:26
Abdo Errazzaq,https://web.facebook.com/profile.php?id=100034997738629&comment_id=Y29tbWVudDoyNjYxMDMwMzk1NzkxMjhfNjk5NzYyOTU4ODY0MzQw&__tn__=R-R,شكون لي فمراكش حس فشي حاجة ليوم,Sunday 10 September 2023 at 10:25,0,10 September 2023,10:25
Marwa Badawi,https://web.facebook.com/profile.php?id=100070505432975&comment_id=Y29tbWVudDoyNjYxMDMwMzk1NzkxMjhfODQyNDQwMjUzODExNzM4&__tn__=R-R,الله يرحمهم يارب ويجعل متواهم الجنة,Sunday 10 September 2023 at 10:24,0,10 September 2023,10:24
المهداوي حميد,https://web.facebook.com/bnjaabdelalizahidi?comment_id=Y29tbWVudDoyNjYxMDMwMzk1NzkxMjhfMjUzMzA1MDg2MDE5NzAwNg%3D%3D&__tn__=R-R,الله الرحمهم جميع المسلمين يارب العالمين,Sunday 10 September 2023 at 10:23,0,10 September 2023,10:23
حواء عبدالله,https://web.facebook.com/profile.php?id=100065461244095&comment_id=Y29tbWVudDoyNjYxMDMwMzk1NzkxMjhfMTQ4NzQ4NDUwNTM5NTQ1OQ%3D%3D&__tn__=R-R,*واتساب +22 958 191 775*,Sunday 10 September 2023 at 10:21,0,10 September 2023,10:21
Youness Marssawi,https://web.facebook.com/youness.marssawi?comment_id=Y29tbWVudDoyNjYxMDMwMzk1NzkxMjhfMjU5MjQ5MTcwNDAyMjM1&__tn__=R-R,اناللهوانا اليه راجعون,Sunday 10 September 2023 at 10:12,0,10 September 2023,10:12
Bihiou Fatimazahra,https://web.facebook.com/bihiou.fatimazahra?comment_id=Y29tbWVudDoyNjYxMDMwMzk1NzkxMjhfMTM5Njc5NTM3MTE4ODI4OA%3D%3D&__tn__=R-R,حمدلله على كل حال الله يرحم الجميع,Sunday 10 September 2023 at 10:12,0,10 September 2023,10:12
Naceur Rebbah,https://web.facebook.com/naceur.rebbah.31?comment_id=Y29tbWVudDoyNjYxMDMwMzk1NzkxMjhfODQzMTcwMDM3MzIzNzQx&__tn__=R-R,اللهم ارحم جميع امواتنا جميعا يا رب,Sunday 10 September 2023 at 10:11,0,10 September 2023,10:11
Ahmed Batat,https://web.facebook.com/ahmed.batat.56?comment_id=Y29tbWVudDoyNjYxMDMwMzk1NzkxMjhfODIzMDYxOTA5MzY1NDAx&__tn__=R-R,إنا لله وإنا إليه راجعون اللهم ارحمهم واغفر لهم يارب العالمين,Sunday 10 September 2023 at 10:11,0,10 September 2023,10:11
Fediouel Jaouad,https://web.facebook.com/fediouel.jaouad.7?comment_id=Y29tbWVudDoyNjYxMDMwMzk1NzkxMjhfNzA3Nzk0NjYxMzY2NDM1&__tn__=R-R,الله يرحم جميع امواتنا إنا لله وإنا اليه راجعون,Sunday 10 September 2023 at 10:10,0,10 September 2023,10:10
Saif Total,https://web.facebook.com/saif.toutal?comment_id=Y29tbWVudDoyNjYxMDMwMzk1NzkxMjhfODYwNzI0NDAyMjc4OTMw&__tn__=R-R,الله يرحمهم,Sunday 10 September 2023 at 10:10,0,10 September 2023,10:10
Ouahman Zahra,https://web.facebook.com/profile.php?id=100008946733508&comment_id=Y29tbWVudDoyNjYxMDMwMzk1NzkxMjhfNjI2OTk1NDE2MjgwNTI1&__tn__=R-R,إِنَّا لِلّهِ وَإِنَّـا إِلَيْهِ رَاجِعونَ,Sunday 10 September 2023 at 10:08,0,10 September 2023,10:08
دعاء دودو سام,https://web.facebook.com/oumdoudo.douaa?comment_id=Y29tbWVudDoyNjYxMDMwMzk1NzkxMjhfMTQzMjQ5MjY3MDgxNTQxNw%3D%3D&__tn__=R-R,https://fb.watch/mZgfKTRPQq/?mibextid=Nif5oz,Sunday 10 September 2023 at 10:08,0,10 September 2023,10:08
Salouani Omar,https://web.facebook.com/profile.php?id=100069590662660&comment_id=Y29tbWVudDoyNjYxMDMwMzk1NzkxMjhfNjAxNTU1MTI4NzIzOTQw&__tn__=R-R,الله يرحمهم جميعا,Sunday 10 September 2023 at 10:05,0,10 September 2023,10:05
